ejecucion,generacion,mejor,promedio,peor
1,1,0.626859,-2.505799,-10.595536
1,2,0.626859,-4.710432,-15.356054
1,3,0.626859,-3.681702,-15.389238
1,4,0.626859,-2.316628,-10.756583
1,5,0.626859,-1.189114,-7.615833
1,6,0.626859,-1.492244,-9.079380
1,7,0.626859,-0.941245,-8.973525
1,8,0.626859,-0.754196,-8.734546
1,9,0.626859,-1.002519,-5.941380
1,10,0.626859,-0.060159,-6.068767
1,11,0.626859,0.052691,-4.061502
1,12,0.626859,-0.168702,-6.204575
1,13,0.626859,0.162237,-3.592537
1,14,0.626859,0.148288,-4.485589
1,15,0.627147,0.370271,-3.351091
1,16,0.627147,0.059156,-4.196620
1,17,0.627927,0.022288,-5.132531
1,18,0.627927,0.001940,-6.055986
1,19,0.627927,0.149474,-4.633940
1,20,0.627927,0.310029,-2.375455
1,21,0.627927,0.059487,-8.621851
1,22,0.627927,0.416510,-3.814275
1,23,0.627927,-0.046457,-7.209970
1,24,0.627927,0.135545,-4.455366
1,25,0.627927,0.119325,-4.165465
1,26,0.627927,0.152791,-4.536303
1,27,0.627927,0.169868,-4.458054
1,28,0.627927,0.173590,-5.186371
1,29,0.627927,0.261684,-3.573248
1,30,0.627927,0.280470,-3.654675
1,31,0.627927,0.514580,0.271260
1,32,0.627927,0.129408,-5.285955
1,33,0.627927,-0.579477,-5.863581
1,34,0.627927,0.106993,-4.541700
1,35,0.627927,0.189328,-5.317396
1,36,0.627927,0.263614,-4.792170
1,37,0.627927,0.245481,-3.785374
1,38,0.627927,0.188631,-3.483761
1,39,0.627927,0.174350,-6.559064
1,40,0.627927,0.069031,-5.982133
1,41,0.627927,0.292394,-3.415463
1,42,0.627927,0.318535,-2.917624
1,43,0.627927,0.197966,-4.327601
1,44,0.627927,0.175490,-4.285581
1,45,0.627927,0.058293,-5.979555
1,46,0.627927,0.145562,-4.414638
1,47,0.627927,0.004579,-4.869212
1,48,0.627927,0.365115,-3.284758
1,49,0.627927,0.418804,-3.172054
1,50,0.627927,-0.098908,-5.449412
1,51,0.627927,0.204485,-4.542566
1,52,0.627927,0.076858,-5.465024
1,53,0.627927,0.079694,-4.372289
1,54,0.627927,-0.202304,-4.686171
1,55,0.627980,0.116578,-4.103100
1,56,0.627980,-0.133295,-5.483722
1,57,0.627980,-0.358979,-4.805303
1,58,0.627980,0.218709,-4.652215
1,59,0.627980,-0.271274,-6.807706
1,60,0.627980,0.089049,-4.419892
1,61,0.627980,0.154507,-4.200922
1,62,0.627980,0.175916,-5.469361
1,63,0.627980,0.138051,-4.577696
1,64,0.627980,0.403325,-3.323461
1,65,0.627980,0.136333,-4.986644
1,66,0.627980,0.025822,-4.578463
1,67,0.627980,0.189135,-3.920403
1,68,0.628053,0.227023,-4.791719
1,69,0.628053,-0.435002,-10.109185
1,70,0.628053,-0.543631,-9.216525
1,71,0.628053,0.308878,-3.219967
1,72,0.628053,0.329730,-2.835336
1,73,0.628053,-0.526551,-8.060823
1,74,0.628053,0.208150,-4.311498
1,75,0.628053,0.327109,-2.954759
1,76,0.628053,0.285664,-4.204510
1,77,0.628053,0.516029,0.262374
1,78,0.628053,0.229179,-5.236378
1,79,0.628053,-0.731188,-5.177669
1,80,0.628053,-0.373906,-8.265822
1,81,0.628053,-0.314847,-4.466429
1,82,0.628053,-0.299518,-5.558913
1,83,0.629522,0.197360,-1.939810
1,84,0.629522,0.233493,-4.091015
1,85,0.629522,-0.223443,-4.185784
1,86,0.632048,0.020801,-6.730302
1,87,0.632048,-0.057955,-4.789728
1,88,0.632048,-0.176930,-4.878842
1,89,0.632048,0.178947,-4.095885
1,90,0.632048,0.186536,-6.035155
1,91,0.632048,0.227667,-4.331937
1,92,0.632048,0.149410,-6.442610
1,93,0.632048,0.260706,-4.616017
1,94,0.632048,0.185110,-5.148272
1,95,0.632048,0.321684,-4.652365
1,96,0.632048,0.209574,-5.385780
1,97,0.632376,0.364549,-7.322881
1,98,0.632376,0.047484,-3.678698
1,99,0.632376,0.180719,-5.673134
1,100,0.632376,0.290088,-3.562827
1,101,0.632376,0.335349,-2.971208
1,102,0.632376,0.347515,-2.933856
1,103,0.632376,0.363995,-3.342520
1,104,0.632376,0.311465,-4.468989
1,105,0.632376,0.546722,0.364736
1,106,0.632376,-0.331693,-5.985900
1,107,0.632376,0.080883,-5.536090
1,108,0.632376,0.287591,-4.010547
1,109,0.632376,0.227509,-4.149870
1,110,0.632376,0.314348,-5.603390
1,111,0.632376,0.332796,-4.763302
1,112,0.632376,-0.438315,-6.189023
1,113,0.632376,0.022406,-5.472656
1,114,0.632376,0.245867,-6.396562
1,115,0.632376,0.221684,-8.809739
1,116,0.632376,0.391291,-1.505334
1,117,0.632376,0.078229,-5.729228
1,118,0.632376,0.364257,-3.503771
1,119,0.632376,0.423412,-1.386703
1,120,0.632376,0.141822,-3.084125
1,121,0.632376,0.287323,-3.828610
1,122,0.632376,0.391666,-2.480731
1,123,0.632376,0.255985,-5.362458
1,124,0.632376,0.259755,-4.173183
1,125,0.632376,0.357410,-3.534528
1,126,0.632376,0.425148,-4.141770
1,127,0.632376,0.108299,-3.650990
1,128,0.632376,0.330841,-3.780853
1,129,0.632376,0.445804,-3.082149
1,130,0.632376,0.187608,-4.400963
1,131,0.632376,0.370230,-2.636342
1,132,0.632376,-0.087875,-4.601311
1,133,0.632376,0.193391,-4.736254
1,134,0.632376,0.296610,-3.820557
1,135,0.632376,0.194009,-4.248379
1,136,0.632376,0.478712,-1.200112
1,137,0.632376,0.034538,-5.220240
1,138,0.632376,0.240200,-4.323133
1,139,0.632376,0.222077,-3.318909
1,140,0.632376,0.235841,-5.914960
1,141,0.632376,0.487478,-1.175535
1,142,0.632376,0.271300,-4.602735
1,143,0.632376,0.313350,-3.332559
1,144,0.632376,0.244945,-4.210091
1,145,0.632376,0.251111,-4.196161
1,146,0.632376,0.314581,-4.361128
1,147,0.632376,0.343945,-2.460864
1,148,0.632376,0.472148,-2.466349
1,149,0.632376,0.380877,-2.485916
1,150,0.632376,0.328646,-3.809774
1,151,0.632376,0.262156,-4.224879
1,152,0.632376,0.522112,0.261384
1,153,0.632376,-0.272589,-6.021501
1,154,0.632376,0.387554,-2.797806
1,155,0.632376,0.060417,-4.203036
1,156,0.632376,0.370797,-2.837005
1,157,0.632376,-0.314344,-4.487392
1,158,0.634123,0.195046,-3.980390
1,159,0.634123,0.007803,-3.756221
1,160,0.634123,0.302842,-2.159328
1,161,0.634123,0.275880,-3.675790
1,162,0.634123,0.208769,-5.563880
1,163,0.634123,0.421761,-4.148432
1,164,0.634123,-0.138312,-6.591158
1,165,0.634123,0.078152,-5.979223
1,166,0.634123,0.035328,-5.855755
1,167,0.634123,0.421545,-2.836425
1,168,0.634123,0.403289,-1.656048
1,169,0.634123,0.202289,-7.629792
1,170,0.634123,0.224583,-4.053809
1,171,0.634123,0.324140,-3.024429
1,172,0.634123,0.303223,-3.717563
1,173,0.634123,0.272048,-4.695862
1,174,0.634123,0.463351,-2.927377
1,175,0.643790,0.210675,-2.942587
1,176,0.643790,0.173376,-5.882785
1,177,0.643790,-0.280292,-6.528041
1,178,0.643790,-0.003678,-7.430778
1,179,0.643790,0.469298,-1.783783
1,180,0.643790,-0.100390,-8.021301
1,181,0.643790,0.264568,-4.216554
1,182,0.643790,0.200812,-4.008705
1,183,0.643790,0.241556,-5.580579
1,184,0.643790,0.266400,-4.868152
1,185,0.643790,0.355497,-2.909338
1,186,0.643790,0.345478,-3.561074
1,187,0.643790,0.132131,-4.813544
1,188,0.643790,0.202165,-4.912733
1,189,0.643790,0.310181,-3.835970
1,190,0.643790,0.286445,-4.342271
1,191,0.643790,0.433476,-2.530862
1,192,0.643790,0.263938,-5.414228
1,193,0.643790,0.317968,-3.074268
1,194,0.643790,0.451657,-3.308781
1,195,0.643790,-0.083884,-6.392097
1,196,0.643790,0.330658,-3.213467
1,197,0.643790,0.146969,-3.758640
1,198,0.643790,-0.015958,-5.063722
1,199,0.643790,0.234139,-3.778231
1,200,0.643790,0.237756,-3.862490
2,1,0.574508,-4.310201,-20.941649
2,2,0.574508,-5.219409,-16.375941
2,3,0.574508,-4.616384,-19.840076
2,4,0.574508,-4.124335,-16.348032
2,5,0.574508,-2.583806,-16.007923
2,6,0.574508,-1.668183,-8.903206
2,7,0.574508,-1.581658,-8.239030
2,8,0.574508,-1.518829,-7.972588
2,9,0.574508,-0.863914,-5.018223
2,10,0.574508,-0.601064,-8.635388
2,11,0.574508,-0.493629,-4.110567
2,12,0.574508,-0.465275,-5.234424
2,13,0.574508,-0.366025,-3.594159
2,14,0.574508,-0.054994,-2.211672
2,15,0.574508,-0.001608,-1.600403
2,16,0.574508,0.171109,-1.443874
2,17,0.574508,0.189139,-1.827309
2,18,0.574508,0.203975,-2.096797
2,19,0.574508,0.210197,-2.029378
2,20,0.574508,0.297099,-0.921568
2,21,0.574508,0.320482,-1.225190
2,22,0.574508,0.381570,-0.881553
2,23,0.574508,0.336481,-1.224592
2,24,0.574508,0.324778,-1.574263
2,25,0.574508,0.362767,-1.200913
2,26,0.574508,0.349769,-1.782690
2,27,0.574508,0.338884,-2.242595
2,28,0.574508,0.343436,-1.319316
2,29,0.574508,0.315742,-3.032376
2,30,0.574508,0.411677,-0.814058
2,31,0.574508,0.394196,-1.055642
2,32,0.574508,0.345415,-1.890340
2,33,0.574641,0.389106,-2.125292
2,34,0.574641,0.307775,-1.455635
2,35,0.574641,0.501783,0.287056
2,36,0.574641,0.186562,-2.751814
2,37,0.574641,0.227721,-2.582598
2,38,0.575352,0.138556,-2.251948
2,39,0.575352,0.003963,-1.641617
2,40,0.575352,0.044699,-2.780814
2,41,0.575352,0.330658,-1.012185
2,42,0.575352,0.340367,-2.451154
2,43,0.575352,0.344444,-1.367615
2,44,0.575352,0.367360,-1.000039
2,45,0.575419,0.426014,-0.915556
2,46,0.575419,0.208429,-2.898392
2,47,0.575419,0.325494,-1.754411
2,48,0.575419,0.367934,-2.120784
2,49,0.575419,0.434679,-0.733708
2,50,0.575419,0.433827,-0.615808
2,51,0.575419,0.452584,-1.574396
2,52,0.575419,0.254263,-3.214697
2,53,0.575419,0.367213,-0.936337
2,54,0.575419,0.420841,-0.836312
2,55,0.579490,0.476218,-0.542785
2,56,0.579490,0.249281,-1.960556
2,57,0.579490,0.503155,0.285699
2,58,0.579490,0.181488,-2.556588
2,59,0.579490,0.237365,-2.402562
2,60,0.582815,0.327066,-3.407512
2,61,0.582815,0.248195,-2.018754
2,62,0.582815,0.377706,-2.647791
2,63,0.582815,0.117892,-2.907082
2,64,0.582815,0.208869,-2.976580
2,65,0.582815,0.489347,0.143797
2,66,0.582815,0.162563,-1.808098
2,67,0.582815,0.330191,-2.333351
2,68,0.582815,0.120862,-6.937098
2,69,0.582815,0.144445,-1.736956
2,70,0.582815,0.149909,-1.893073
2,71,0.582815,0.246529,-5.289292
2,72,0.582815,0.344120,-3.385458
2,73,0.582815,0.384820,-1.628395
2,74,0.582815,0.404895,-1.546580
2,75,0.582815,0.339099,-2.499891
2,76,0.582815,0.382352,-1.937532
2,77,0.582815,0.368412,-2.657233
2,78,0.582815,0.392133,-1.676373
2,79,0.582815,0.453272,-1.593154
2,80,0.582815,0.422738,-1.031500
2,81,0.582815,0.402884,-2.209334
2,82,0.582815,0.406406,-1.941626
2,83,0.582815,0.498562,0.163936
2,84,0.582815,0.081155,-2.759816
2,85,0.582815,0.406240,-1.076509
2,86,0.582815,0.318544,-1.454803
2,87,0.582815,0.295976,-2.025898
2,88,0.582815,0.345853,-3.348323
2,89,0.587130,0.377907,-2.570266
2,90,0.587130,0.396703,-4.517309
2,91,0.590511,0.486274,-0.280739
2,92,0.590511,0.491237,0.274404
2,93,0.590511,0.493721,0.162762
2,94,0.590511,0.485358,0.181179
2,95,0.590511,0.486294,-0.054941
2,96,0.590511,0.517860,0.376228
2,97,0.590511,0.501019,0.276423
2,98,0.590511,0.478148,0.225289
2,99,0.590511,0.454935,-0.038660
2,100,0.591720,0.460259,-0.303819
2,101,0.591720,0.485912,0.003968
2,102,0.591720,0.473518,0.048101
2,103,0.591720,0.494562,0.253833
2,104,0.591720,0.511096,0.373197
2,105,0.591720,0.481361,-0.058953
2,106,0.591720,0.501088,0.187656
2,107,0.591720,0.474140,0.215550
2,108,0.591720,0.463692,0.021604
2,109,0.591720,0.473518,0.068447
2,110,0.596816,0.499636,0.219286
2,111,0.596816,0.494079,0.280947
2,112,0.596816,0.469665,-0.026689
2,113,0.596816,0.445456,-0.080209
2,114,0.596816,0.487544,0.006013
2,115,0.596816,0.490746,-0.127724
2,116,0.596816,0.500430,0.293079
2,117,0.597337,0.497634,0.071372
2,118,0.597337,0.479549,0.215815
2,119,0.597337,0.494875,0.216212
2,120,0.597337,0.486951,0.009150
2,121,0.597337,0.443750,-0.035313
2,122,0.597337,0.465474,0.104125
2,123,0.597337,0.466580,0.174402
2,124,0.597337,0.476004,0.078754
2,125,0.597337,0.483676,0.104593
2,126,0.597337,0.505021,0.180244
2,127,0.597337,0.500499,0.276408
2,128,0.597337,0.470260,0.061484
2,129,0.597337,0.486163,0.229064
2,130,0.597337,0.487700,0.010951
2,131,0.597337,0.493587,0.086837
2,132,0.599204,0.520902,0.330973
2,133,0.599204,0.487651,0.146520
2,134,0.599204,0.510843,0.137134
2,135,0.599204,0.529164,0.309975
2,136,0.599204,0.531282,0.347833
2,137,0.599204,0.511560,0.279616
2,138,0.599204,0.489066,0.153579
2,139,0.599204,0.489816,0.032461
2,140,0.599204,0.508163,0.136750
2,141,0.599204,0.525302,0.345948
2,142,0.599204,0.501757,0.051666
2,143,0.599204,0.522692,0.397415
2,144,0.599204,0.504113,0.254847
2,145,0.599204,0.503826,0.267729
2,146,0.599204,0.484010,0.131814
2,147,0.599204,0.456956,0.091984
2,148,0.599204,0.486797,0.210945
2,149,0.599204,0.527817,0.321764
2,150,0.599204,0.518569,0.356713
2,151,0.599204,0.490722,0.105328
2,152,0.599204,0.510973,0.160154
2,153,0.599204,0.524707,0.348160
2,154,0.599204,0.505398,0.134495
2,155,0.599204,0.497424,0.078474
2,156,0.599204,0.508777,0.242564
2,157,0.599204,0.519957,0.343610
2,158,0.605368,0.496238,0.044195
2,159,0.605368,0.510117,0.189397
2,160,0.605368,0.513497,0.261583
2,161,0.605368,0.511784,0.199545
2,162,0.605368,0.509594,-0.000292
2,163,0.605368,0.522010,0.287226
2,164,0.605368,0.529891,0.296663
2,165,0.605368,0.545149,0.418381
2,166,0.605368,0.536075,0.305330
2,167,0.608267,0.546971,0.352135
2,168,0.608267,0.533574,0.337494
2,169,0.608267,0.531178,0.336737
2,170,0.620454,0.546944,0.403851
2,171,0.620454,0.537265,0.162547
2,172,0.620454,0.526236,0.282126
2,173,0.620454,0.505058,0.053280
2,174,0.620951,0.535101,0.309111
2,175,0.624547,0.536153,0.340709
2,176,0.624547,0.557443,0.278634
2,177,0.624547,0.553464,0.383723
2,178,0.624547,0.544865,0.233902
2,179,0.624547,0.563975,0.327340
2,180,0.624547,0.546478,0.280813
2,181,0.625840,0.547149,0.331265
2,182,0.625840,0.565564,0.379717
2,183,0.630260,0.579022,0.419437
2,184,0.630260,0.576611,0.431855
2,185,0.630260,0.576589,0.424891
2,186,0.630260,0.576313,0.449917
2,187,0.630260,0.583606,0.393906
2,188,0.630260,0.580266,0.454994
2,189,0.635566,0.588599,0.425288
2,190,0.635566,0.590174,0.446608
2,191,0.635566,0.584861,0.426797
2,192,0.635566,0.583311,0.417698
2,193,0.635566,0.578660,0.441349
2,194,0.635566,0.589054,0.391342
2,195,0.635566,0.587230,0.429507
2,196,0.635833,0.591564,0.472512
2,197,0.640658,0.587382,0.487439
2,198,0.645698,0.588888,0.495885
2,199,0.645698,0.566670,0.312702
2,200,0.645698,0.579984,0.418540
3,1,0.661658,-3.908926,-10.897357
3,2,0.663181,-4.495868,-21.179175
3,3,0.663181,-3.407630,-20.652820
3,4,0.663181,-3.602279,-13.834362
3,5,0.663181,-2.228387,-11.470086
3,6,0.663181,-1.507323,-8.027907
3,7,0.663181,-0.966832,-5.342056
3,8,0.663181,-0.711635,-5.355770
3,9,0.665831,-0.638458,-4.877114
3,10,0.665831,-0.547963,-4.168483
3,11,0.665831,-0.289131,-4.026873
3,12,0.665831,-0.117213,-2.498676
3,13,0.665831,-0.013966,-3.374438
3,14,0.665831,0.358968,-1.004102
3,15,0.665831,0.504353,-0.405086
3,16,0.665831,0.551272,0.139796
3,17,0.665831,0.566010,0.017641
3,18,0.669324,0.616257,0.345886
3,19,0.669324,0.628739,0.444517
3,20,0.670442,0.630425,0.513579
3,21,0.670442,0.627104,0.517304
3,22,0.670442,0.631466,0.473523
3,23,0.670442,0.624966,0.481972
3,24,0.670442,0.629969,0.403374
3,25,0.670442,0.638312,0.515727
3,26,0.670442,0.632797,0.530024
3,27,0.670442,0.630950,0.550028
3,28,0.670442,0.629952,0.509557
3,29,0.670450,0.623859,0.420047
3,30,0.670450,0.632565,0.441258
3,31,0.670450,0.643232,0.505939
3,32,0.670450,0.641959,0.533941
3,33,0.670450,0.636269,0.433761
3,34,0.670450,0.636655,0.530834
3,35,0.672683,0.639606,0.548899
3,36,0.672683,0.639785,0.536633
3,37,0.672683,0.645788,0.554837
3,38,0.672683,0.652176,0.598807
3,39,0.672683,0.637530,0.482400
3,40,0.672683,0.636570,0.520782
3,41,0.672683,0.647833,0.536634
3,42,0.672683,0.653175,0.538244
3,43,0.672683,0.654578,0.561583
3,44,0.673090,0.649032,0.563301
3,45,0.673090,0.654458,0.596168
3,46,0.673090,0.655124,0.520346
3,47,0.673090,0.652374,0.524905
3,48,0.673090,0.656197,0.559037
3,49,0.673090,0.654113,0.535691
3,50,0.673090,0.654185,0.577844
3,51,0.673090,0.649211,0.385998
3,52,0.673090,0.648700,0.524689
3,53,0.673090,0.657377,0.611914
3,54,0.673090,0.653568,0.563924
3,55,0.673090,0.652459,0.576716
3,56,0.673090,0.646789,0.479512
3,57,0.673565,0.660257,0.584672
3,58,0.673565,0.662050,0.609843
3,59,0.677836,0.645722,0.482095
3,60,0.677836,0.647885,0.525425
3,61,0.677836,0.650239,0.499222
3,62,0.677836,0.640165,0.472949
3,63,0.677836,0.640125,0.499345
3,64,0.677836,0.634894,0.532398
3,65,0.677836,0.637133,0.530403
3,66,0.677836,0.641429,0.472666
3,67,0.677836,0.649725,0.582642
3,68,0.677836,0.644621,0.460035
3,69,0.677997,0.651555,0.558573
3,70,0.677997,0.645627,0.572416
3,71,0.677997,0.652551,0.563747
3,72,0.677997,0.655082,0.592410
3,73,0.677997,0.654786,0.554109
3,74,0.677997,0.651663,0.544066
3,75,0.677997,0.662938,0.612122
3,76,0.678013,0.654849,0.586103
3,77,0.678013,0.648403,0.523437
3,78,0.678013,0.649377,0.523842
3,79,0.678013,0.656099,0.587271
3,80,0.678013,0.644983,0.546766
3,81,0.678013,0.644057,0.448560
3,82,0.678013,0.655382,0.597304
3,83,0.678013,0.653173,0.538618
3,84,0.678013,0.639039,0.466586
3,85,0.678013,0.647566,0.472929
3,86,0.678334,0.656324,0.569393
3,87,0.678334,0.649287,0.580409
3,88,0.678334,0.649556,0.481863
3,89,0.678400,0.650071,0.500184
3,90,0.678400,0.651413,0.538136
3,91,0.678723,0.657700,0.583667
3,92,0.678723,0.657324,0.590007
3,93,0.678731,0.657341,0.579479
3,94,0.678731,0.655016,0.555954
3,95,0.678731,0.663121,0.605364
3,96,0.678731,0.655021,0.561943
3,97,0.678731,0.659602,0.593646
3,98,0.678731,0.658545,0.569570
3,99,0.681650,0.660608,0.570703
3,100,0.681650,0.656628,0.502585
3,101,0.681650,0.652469,0.489341
3,102,0.681650,0.655679,0.477427
3,103,0.681650,0.649494,0.521613
3,104,0.682027,0.647774,0.547373
3,105,0.682747,0.646043,0.424200
3,106,0.682747,0.646865,0.497135
3,107,0.682747,0.653665,0.554103
3,108,0.682747,0.651788,0.541390
3,109,0.682747,0.639355,0.504911
3,110,0.682747,0.643265,0.526856
3,111,0.682747,0.653135,0.521563
3,112,0.682747,0.643205,0.477259
3,113,0.682747,0.644867,0.440534
3,114,0.682747,0.656078,0.489212
3,115,0.682747,0.655241,0.552353
3,116,0.682747,0.652319,0.515656
3,117,0.682747,0.657855,0.521454
3,118,0.682747,0.655356,0.486223
3,119,0.682747,0.663320,0.597778
3,120,0.682747,0.659434,0.465532
3,121,0.682747,0.650045,0.465462
3,122,0.682747,0.645301,0.457535
3,123,0.682789,0.646286,0.506573
3,124,0.683383,0.645528,0.475846
3,125,0.683383,0.635475,0.405480
3,126,0.683383,0.637291,0.461991
3,127,0.683383,0.628703,0.370722
3,128,0.683383,0.641938,0.477488
3,129,0.683383,0.643619,0.469342
3,130,0.683383,0.643733,0.486139
3,131,0.683442,0.650208,0.563356
3,132,0.683442,0.647516,0.501760
3,133,0.683442,0.651470,0.558144
3,134,0.683442,0.645652,0.123472
3,135,0.683442,0.652175,0.479772
3,136,0.683442,0.642573,0.388645
3,137,0.683442,0.654165,0.509163
3,138,0.683442,0.642877,0.507335
3,139,0.683442,0.655418,0.541370
3,140,0.683442,0.665028,0.601727
3,141,0.683442,0.652816,0.506674
3,142,0.683442,0.654408,0.488529
3,143,0.683442,0.648735,0.432695
3,144,0.683442,0.653937,0.557988
3,145,0.683442,0.649535,0.405255
3,146,0.685776,0.645871,0.476506
3,147,0.685776,0.655095,0.585507
3,148,0.685776,0.642164,0.514955
3,149,0.685776,0.646759,0.496411
3,150,0.685776,0.659078,0.578552
3,151,0.685776,0.653581,0.523909
3,152,0.685776,0.658603,0.540196
3,153,0.685776,0.652876,0.535028
3,154,0.685776,0.653290,0.469699
3,155,0.685776,0.647037,0.470801
3,156,0.685776,0.638527,0.491254
3,157,0.685776,0.653402,0.519117
3,158,0.685776,0.652334,0.556311
3,159,0.685776,0.660332,0.558820
3,160,0.685776,0.657898,0.582744
3,161,0.685776,0.665727,0.577016
3,162,0.685776,0.661921,0.550173
3,163,0.685776,0.658715,0.520176
3,164,0.685776,0.655573,0.482574
3,165,0.685776,0.659194,0.551706
3,166,0.685790,0.672202,0.638257
3,167,0.685790,0.662004,0.539936
3,168,0.685790,0.670475,0.619152
3,169,0.685790,0.668056,0.604369
3,170,0.685790,0.664311,0.589302
3,171,0.685790,0.660879,0.469659
3,172,0.685790,0.668531,0.620283
3,173,0.685790,0.667010,0.582942
3,174,0.685790,0.665131,0.514274
3,175,0.685790,0.652436,0.522479
3,176,0.685790,0.656407,0.543860
3,177,0.685790,0.663853,0.570546
3,178,0.685790,0.659755,0.584608
3,179,0.685790,0.656334,0.519811
3,180,0.685790,0.663465,0.574515
3,181,0.685790,0.668286,0.609307
3,182,0.685790,0.667529,0.615794
3,183,0.685790,0.662297,0.563893
3,184,0.685790,0.665738,0.575323
3,185,0.685790,0.662041,0.570362
3,186,0.685790,0.669297,0.589445
3,187,0.685790,0.672265,0.637443
3,188,0.685790,0.670614,0.613545
3,189,0.685790,0.666055,0.449210
3,190,0.685790,0.669939,0.566746
3,191,0.685857,0.664941,0.603778
3,192,0.685858,0.663133,0.580973
3,193,0.685858,0.656933,0.487943
3,194,0.685858,0.670886,0.610872
3,195,0.686095,0.666786,0.584734
3,196,0.686095,0.668847,0.617406
3,197,0.686095,0.669670,0.631160
3,198,0.686095,0.673767,0.616526
3,199,0.686095,0.667941,0.573604
3,200,0.686095,0.668562,0.582242
4,1,0.602071,-2.926717,-10.975295
4,2,0.602071,-3.490921,-17.483827
4,3,0.602071,-4.703023,-26.476816
4,4,0.602071,-3.070372,-10.915373
4,5,0.602071,-2.460165,-15.111653
4,6,0.604692,-1.731651,-12.876138
4,7,0.604692,-1.651838,-9.966128
4,8,0.604692,-1.120230,-9.304090
4,9,0.604692,-0.767523,-4.187314
4,10,0.604865,-0.348593,-3.398306
4,11,0.604865,-0.146119,-3.222177
4,12,0.604865,-0.079570,-3.164908
4,13,0.610414,0.089466,-3.785544
4,14,0.610414,0.279218,-1.055961
4,15,0.610414,0.425162,-0.276775
4,16,0.610414,0.473181,0.041726
4,17,0.610414,0.411847,-1.220047
4,18,0.610414,0.475620,0.030783
4,19,0.610414,0.527976,0.257236
4,20,0.610953,0.542735,0.292290
4,21,0.611038,0.553754,0.343520
4,22,0.614718,0.554615,0.311716
4,23,0.619543,0.564040,0.437660
4,24,0.619543,0.556065,0.252938
4,25,0.619543,0.549539,0.393849
4,26,0.619557,0.536971,0.143909
4,27,0.619557,0.563970,0.388561
4,28,0.619557,0.550805,0.296544
4,29,0.619557,0.545153,0.299239
4,30,0.621488,0.555912,0.337629
4,31,0.621488,0.533739,0.234809
4,32,0.621488,0.555184,0.294721
4,33,0.621511,0.568748,0.336540
4,34,0.624594,0.577841,0.305046
4,35,0.624594,0.576437,0.445794
4,36,0.631932,0.572670,0.389187
4,37,0.631932,0.580499,0.378379
4,38,0.631932,0.578335,0.357222
4,39,0.632908,0.585173,0.382069
4,40,0.632908,0.571412,0.409761
4,41,0.632908,0.575601,0.380934
4,42,0.632908,0.560628,0.342745
4,43,0.645102,0.578997,0.433686
4,44,0.645102,0.568804,0.177118
4,45,0.645102,0.558955,0.170816
4,46,0.645102,0.564086,0.360722
4,47,0.647356,0.575212,0.383713
4,48,0.647356,0.538156,0.163179
4,49,0.647356,0.561797,0.351177
4,50,0.647356,0.575237,0.294996
4,51,0.647356,0.586183,0.312718
4,52,0.647356,0.595129,0.446238
4,53,0.647356,0.585330,0.309758
4,54,0.648187,0.574087,0.382236
4,55,0.649276,0.585361,0.387165
4,56,0.649276,0.570485,0.301883
4,57,0.649276,0.585669,0.438455
4,58,0.649276,0.587083,0.393504
4,59,0.649276,0.568221,0.335411
4,60,0.649276,0.582701,0.411108
4,61,0.649276,0.599504,0.315677
4,62,0.652722,0.597946,0.419845
4,63,0.652722,0.588212,0.354179
4,64,0.658408,0.597308,0.427744
4,65,0.658408,0.593882,0.343969
4,66,0.658977,0.597757,0.364081
4,67,0.658977,0.595007,0.444903
4,68,0.658977,0.604216,0.444524
4,69,0.660021,0.590052,0.370928
4,70,0.661282,0.591566,0.377415
4,71,0.661282,0.578316,0.323277
4,72,0.661282,0.584005,0.375093
4,73,0.665945,0.615671,0.486162
4,74,0.665945,0.606081,0.408366
4,75,0.665945,0.617428,0.445907
4,76,0.665945,0.606484,0.450313
4,77,0.665945,0.599904,0.443322
4,78,0.665945,0.606812,0.433351
4,79,0.665945,0.596866,0.412650
4,80,0.671600,0.615022,0.432883
4,81,0.671600,0.617566,0.511568
4,82,0.671600,0.618778,0.450331
4,83,0.671600,0.634871,0.550108
4,84,0.671880,0.641006,0.501346
4,85,0.671880,0.639091,0.512329
4,86,0.674457,0.632079,0.519131
4,87,0.674457,0.633528,0.530385
4,88,0.674457,0.622598,0.396640
4,89,0.674457,0.631495,0.432764
4,90,0.674457,0.638948,0.548271
4,91,0.675194,0.638943,0.505751
4,92,0.675194,0.633131,0.500310
4,93,0.677389,0.636429,0.412181
4,94,0.677389,0.633198,0.482784
4,95,0.677389,0.649466,0.525146
4,96,0.677389,0.645659,0.551656
4,97,0.677389,0.641483,0.543161
4,98,0.677555,0.639642,0.508148
4,99,0.679134,0.636000,0.513239
4,100,0.679134,0.639535,0.445511
4,101,0.679134,0.627678,0.476697
4,102,0.679134,0.619153,0.368266
4,103,0.679134,0.637387,0.438333
4,104,0.679134,0.624559,0.472515
4,105,0.679649,0.645051,0.570861
4,106,0.679649,0.633365,0.504565
4,107,0.679649,0.627910,0.438483
4,108,0.679649,0.613737,0.284572
4,109,0.679649,0.636823,0.517697
4,110,0.679649,0.649942,0.564591
4,111,0.680004,0.647493,0.517693
4,112,0.680500,0.655114,0.523606
4,113,0.680500,0.656320,0.589519
4,114,0.680500,0.659344,0.525517
4,115,0.680500,0.654010,0.553963
4,116,0.680500,0.658014,0.601681
4,117,0.680500,0.657999,0.564367
4,118,0.680801,0.661716,0.579196
4,119,0.682280,0.665452,0.566576
4,120,0.682280,0.665838,0.572137
4,121,0.682328,0.662915,0.592466
4,122,0.682328,0.653351,0.550297
4,123,0.682328,0.657839,0.545616
4,124,0.682328,0.662177,0.603059
4,125,0.682508,0.665416,0.601914
4,126,0.682508,0.666754,0.615689
4,127,0.682508,0.665006,0.619374
4,128,0.682508,0.661200,0.554986
4,129,0.682508,0.665244,0.560373
4,130,0.682516,0.665570,0.609295
4,131,0.682578,0.662700,0.572328
4,132,0.682578,0.671622,0.636972
4,133,0.682578,0.670334,0.604249
4,134,0.683544,0.672143,0.621459
4,135,0.683544,0.670894,0.612744
4,136,0.683544,0.672519,0.566962
4,137,0.683544,0.674141,0.642565
4,138,0.683750,0.671083,0.635058
4,139,0.683750,0.665874,0.616081
4,140,0.683750,0.667498,0.606894
4,141,0.683750,0.668035,0.577339
4,142,0.683750,0.674718,0.647677
4,143,0.683750,0.674233,0.640699
4,144,0.684352,0.675700,0.629717
4,145,0.684352,0.669950,0.613579
4,146,0.684352,0.671077,0.585132
4,147,0.684352,0.668720,0.597279
4,148,0.684352,0.669599,0.582676
4,149,0.684436,0.669191,0.586330
4,150,0.684436,0.666490,0.471335
4,151,0.684436,0.664673,0.488395
4,152,0.684436,0.673939,0.638289
4,153,0.684436,0.673524,0.618958
4,154,0.684436,0.674088,0.639434
4,155,0.684436,0.670458,0.623819
4,156,0.684436,0.672715,0.628063
4,157,0.684436,0.675747,0.642911
4,158,0.684594,0.674579,0.640998
4,159,0.684798,0.675994,0.620184
4,160,0.684839,0.677508,0.651787
4,161,0.684974,0.673551,0.631562
4,162,0.684974,0.674974,0.623739
4,163,0.684974,0.677963,0.657218
4,164,0.684974,0.676808,0.652037
4,165,0.684974,0.678587,0.652149
4,166,0.684974,0.678299,0.640274
4,167,0.685115,0.679874,0.636586
4,168,0.685115,0.675643,0.640531
4,169,0.685115,0.677173,0.648000
4,170,0.685115,0.679030,0.650513
4,171,0.685982,0.676604,0.621235
4,172,0.685982,0.677876,0.632339
4,173,0.685982,0.674480,0.508456
4,174,0.685982,0.678701,0.649846
4,175,0.685982,0.677160,0.615514
4,176,0.686059,0.677675,0.632258
4,177,0.686059,0.674102,0.564648
4,178,0.686059,0.674498,0.648622
4,179,0.686059,0.671605,0.592140
4,180,0.686059,0.675851,0.639376
4,181,0.686059,0.676355,0.622755
4,182,0.686059,0.679869,0.652735
4,183,0.686059,0.676699,0.642973
4,184,0.686059,0.674798,0.641822
4,185,0.686059,0.676347,0.637678
4,186,0.686059,0.678526,0.629422
4,187,0.686059,0.680343,0.650019
4,188,0.686152,0.678368,0.619116
4,189,0.686152,0.678404,0.637249
4,190,0.686152,0.679782,0.658661
4,191,0.686152,0.677607,0.644539
4,192,0.686152,0.676199,0.609894
4,193,0.686152,0.678871,0.620896
4,194,0.686152,0.675302,0.601861
4,195,0.687051,0.678083,0.644374
4,196,0.687051,0.677801,0.643023
4,197,0.687051,0.675447,0.613138
4,198,0.687051,0.674127,0.619978
4,199,0.687051,0.674164,0.617343
4,200,0.687051,0.672333,0.602048
5,1,0.635352,-4.060842,-11.333579
5,2,0.635352,-3.965915,-15.218388
5,3,0.635352,-3.297348,-14.205269
5,4,0.635352,-2.105229,-7.169408
5,5,0.635352,-1.711602,-8.272736
5,6,0.635352,-1.366602,-8.934778
5,7,0.635352,-0.686168,-3.817573
5,8,0.635352,-0.455961,-3.388951
5,9,0.635352,-0.172436,-2.260764
5,10,0.635352,-0.358463,-3.972284
5,11,0.635352,-0.527236,-5.518652
5,12,0.635352,-0.095095,-2.450878
5,13,0.635352,-0.149924,-2.847124
5,14,0.635352,-0.078332,-2.380527
5,15,0.635352,-0.089271,-1.822603
5,16,0.635352,-0.142814,-2.311519
5,17,0.635352,0.033394,-1.343894
5,18,0.635352,0.156078,-1.082747
5,19,0.635352,0.258454,-0.752199
5,20,0.635352,0.329583,-0.600239
5,21,0.635697,0.404723,-0.595609
5,22,0.635697,0.261122,-0.888437
5,23,0.635697,0.215123,-1.506757
5,24,0.635697,0.257473,-0.569852
5,25,0.636210,0.261441,-0.806136
5,26,0.636210,0.289396,-0.800133
5,27,0.636363,0.235313,-0.911927
5,28,0.636363,0.270483,-0.682381
5,29,0.636363,0.304331,-0.873156
5,30,0.637859,0.259788,-1.551084
5,31,0.637859,0.318196,-1.066183
5,32,0.637859,0.369527,-0.207871
5,33,0.637859,0.382714,-0.272122
5,34,0.637859,0.432427,0.026070
5,35,0.637859,0.424504,-0.617075
5,36,0.637859,0.480305,-0.064577
5,37,0.637859,0.515711,0.237545
5,38,0.637859,0.404869,-0.098248
5,39,0.637859,0.440396,-0.124707
5,40,0.637859,0.470760,-0.328254
5,41,0.637859,0.440769,-0.110052
5,42,0.637859,0.461028,-0.046633
5,43,0.637859,0.497300,0.207318
5,44,0.637859,0.501963,0.155858
5,45,0.637859,0.419257,-0.259124
5,46,0.637859,0.467253,-0.154664
5,47,0.637859,0.503130,0.051327
5,48,0.637859,0.522645,-0.081659
5,49,0.637859,0.516575,0.141508
5,50,0.637859,0.409000,-2.121890
5,51,0.637859,0.503549,0.144406
5,52,0.637859,0.513782,0.016676
5,53,0.637859,0.506634,-0.025826
5,54,0.637859,0.469521,-0.433074
5,55,0.637859,0.489047,-0.220226
5,56,0.637859,0.468572,0.034623
5,57,0.637859,0.434159,-0.697586
5,58,0.637859,0.508014,0.244618
5,59,0.637859,0.453122,-0.498097
5,60,0.637859,0.490188,-0.087578
5,61,0.637859,0.496358,-0.192363
5,62,0.637859,0.527479,0.202071
5,63,0.637859,0.454508,-0.525974
5,64,0.637859,0.501623,0.160883
5,65,0.637859,0.504045,-0.053148
5,66,0.637859,0.502372,0.091077
5,67,0.637859,0.506533,-0.039341
5,68,0.637859,0.486836,0.008175
5,69,0.637859,0.491626,-0.117398
5,70,0.637859,0.480072,-0.053156
5,71,0.637859,0.500817,-0.263340
5,72,0.637859,0.519976,-0.049988
5,73,0.637859,0.491507,-0.273127
5,74,0.637859,0.525654,0.098039
5,75,0.637859,0.520782,0.004991
5,76,0.637859,0.492361,-0.341960
5,77,0.637859,0.498860,0.108109
5,78,0.638159,0.470409,-0.037857
5,79,0.638159,0.481125,0.141269
5,80,0.638159,0.415105,-0.267454
5,81,0.638159,0.476120,0.186101
5,82,0.638159,0.462750,0.038890
5,83,0.638159,0.508709,0.228860
5,84,0.638159,0.459877,-1.180353
5,85,0.638159,0.514111,0.090531
5,86,0.638159,0.497677,0.007550
5,87,0.638159,0.505537,0.088491
5,88,0.638159,0.505107,0.074756
5,89,0.638159,0.489629,-0.018380
5,90,0.638159,0.533773,0.278106
5,91,0.638159,0.523249,0.103672
5,92,0.638159,0.539588,0.259008
5,93,0.638159,0.490129,-0.108983
5,94,0.638159,0.441122,-0.445320
5,95,0.638159,0.484987,0.058233
5,96,0.638159,0.506842,0.172845
5,97,0.638159,0.538024,0.339200
5,98,0.638159,0.529864,0.245493
5,99,0.638159,0.544505,0.289202
5,100,0.639304,0.549844,0.330978
5,101,0.639304,0.579838,0.417469
5,102,0.639304,0.512706,0.149406
5,103,0.639304,0.536213,0.256842
5,104,0.639541,0.547922,0.338632
5,105,0.639541,0.534434,0.172765
5,106,0.639541,0.548139,0.203881
5,107,0.639541,0.554251,0.330810
5,108,0.639541,0.522969,0.235785
5,109,0.639541,0.521040,0.334142
5,110,0.639541,0.536833,0.144231
5,111,0.639541,0.510487,0.116502
5,112,0.639808,0.553707,0.197896
5,113,0.639808,0.536541,0.134132
5,114,0.639808,0.537422,0.069559
5,115,0.639808,0.559631,0.392203
5,116,0.639808,0.571755,0.375373
5,117,0.639808,0.582772,0.414731
5,118,0.639808,0.562463,0.314396
5,119,0.639808,0.574254,0.398205
5,120,0.639808,0.549338,0.340974
5,121,0.639808,0.539519,0.282866
5,122,0.639808,0.547966,0.172931
5,123,0.639808,0.567643,0.330209
5,124,0.639808,0.559543,0.294238
5,125,0.639808,0.568511,0.393875
5,126,0.639808,0.535917,0.035910
5,127,0.639808,0.552745,0.358161
5,128,0.639808,0.570941,0.343183
5,129,0.639808,0.584848,0.349965
5,130,0.640589,0.574584,0.280479
5,131,0.641549,0.593901,0.388504
5,132,0.641549,0.601735,0.471406
5,133,0.644679,0.611069,0.511203
5,134,0.644679,0.615181,0.532450
5,135,0.644679,0.601609,0.370798
5,136,0.644679,0.612678,0.548535
5,137,0.644679,0.585907,0.385133
5,138,0.645367,0.601340,0.469181
5,139,0.645367,0.588541,0.389096
5,140,0.645367,0.591811,0.388887
5,141,0.645665,0.591836,0.480941
5,142,0.645665,0.596430,0.390246
5,143,0.645665,0.608393,0.423705
5,144,0.647327,0.611456,0.479548
5,145,0.647327,0.609163,0.408257
5,146,0.647327,0.608061,0.485083
5,147,0.647327,0.599451,0.352112
5,148,0.647327,0.608204,0.457961
5,149,0.647327,0.599318,0.495098
5,150,0.647327,0.594411,0.394450
5,151,0.648206,0.611456,0.497751
5,152,0.648206,0.608608,0.462805
5,153,0.648206,0.604951,0.412421
5,154,0.648206,0.604712,0.472858
5,155,0.648206,0.602853,0.319381
5,156,0.648484,0.604044,0.451731
5,157,0.648819,0.611343,0.483298
5,158,0.648819,0.600882,0.300301
5,159,0.648819,0.614429,0.466181
5,160,0.648871,0.605376,0.430632
5,161,0.650780,0.606431,0.346906
5,162,0.650934,0.613569,0.414400
5,163,0.650934,0.610777,0.473182
5,164,0.650934,0.573844,0.309760
5,165,0.650934,0.583033,0.357213
5,166,0.650934,0.600587,0.405567
5,167,0.650934,0.609222,0.468742
5,168,0.650934,0.598026,0.404766
5,169,0.650934,0.593597,0.270788
5,170,0.650934,0.596381,0.388659
5,171,0.650934,0.617361,0.525736
5,172,0.650934,0.604374,0.410912
5,173,0.650934,0.602099,0.334923
5,174,0.650934,0.611958,0.499530
5,175,0.650934,0.616640,0.528958
5,176,0.650934,0.612215,0.476626
5,177,0.650934,0.608150,0.479024
5,178,0.650934,0.595066,0.374911
5,179,0.651525,0.594560,0.398621
5,180,0.651525,0.601001,0.451571
5,181,0.651525,0.596986,0.476670
5,182,0.651525,0.599402,0.402550
5,183,0.651525,0.605652,0.449542
5,184,0.651525,0.604588,0.433532
5,185,0.651525,0.597117,0.446619
5,186,0.653377,0.596010,0.277163
5,187,0.653377,0.597378,0.480300
5,188,0.653377,0.584506,0.414926
5,189,0.653750,0.578172,0.383154
5,190,0.653750,0.604531,0.379307
5,191,0.653750,0.610808,0.468261
5,192,0.653750,0.608649,0.462641
5,193,0.654977,0.610888,0.453260
5,194,0.654977,0.621947,0.486880
5,195,0.654977,0.624905,0.542957
5,196,0.654977,0.616798,0.455642
5,197,0.654977,0.621004,0.413744
5,198,0.657586,0.630442,0.497486
5,199,0.657586,0.631419,0.527279
5,200,0.657586,0.610652,0.427363
6,1,0.633374,-3.885549,-10.812613
6,2,0.633374,-4.460804,-18.062983
6,3,0.633374,-3.529657,-17.587402
6,4,0.633374,-2.031914,-14.388333
6,5,0.633374,-0.826300,-6.177074
6,6,0.636510,-0.471678,-2.782943
6,7,0.636510,-0.683146,-3.891317
6,8,0.636510,-0.188676,-2.190559
6,9,0.636510,0.017941,-2.742560
6,10,0.636510,0.111871,-1.824707
6,11,0.636510,0.157332,-1.247216
6,12,0.636510,0.216176,-0.957422
6,13,0.636510,0.300851,-0.585250
6,14,0.637789,0.383829,-0.523092
6,15,0.637789,0.217717,-1.390236
6,16,0.637789,0.254595,-1.674571
6,17,0.637789,0.341901,-0.777369
6,18,0.637789,0.425655,-0.018686
6,19,0.637789,0.482068,0.086596
6,20,0.637789,0.271677,-1.240440
6,21,0.637789,0.364084,-0.925533
6,22,0.637789,0.411016,-0.214373
6,23,0.637789,0.391044,-0.659014
6,24,0.637789,0.436376,-0.741665
6,25,0.637789,0.400519,-0.547442
6,26,0.637789,0.407920,-0.410226
6,27,0.637789,0.368748,-1.374414
6,28,0.637789,0.386644,-0.737331
6,29,0.637789,0.423180,-0.335716
6,30,0.637789,0.425648,-0.250205
6,31,0.637789,0.462299,-0.157855
6,32,0.637789,0.389390,-0.640038
6,33,0.637789,0.348319,-0.987878
6,34,0.637789,0.420678,-0.417289
6,35,0.637789,0.309018,-1.743149
6,36,0.637789,0.408647,-0.195426
6,37,0.637789,0.286657,-0.890495
6,38,0.637789,0.431402,-0.088568
6,39,0.637789,0.417950,-0.463824
6,40,0.637789,0.444064,-0.120050
6,41,0.637789,0.449986,-0.219225
6,42,0.637789,0.442647,-0.509002
6,43,0.638860,0.391208,-0.431791
6,44,0.638860,0.375762,-0.412268
6,45,0.638860,0.397207,-0.388499
6,46,0.638860,0.443108,-0.261081
6,47,0.638860,0.410372,-0.701282
6,48,0.639548,0.489795,-0.184481
6,49,0.639548,0.493078,-0.228060
6,50,0.639548,0.371800,-0.372416
6,51,0.639548,0.399419,-0.555556
6,52,0.639548,0.486686,-0.067712
6,53,0.639548,0.468313,-0.320794
6,54,0.639548,0.430040,-0.375682
6,55,0.639548,0.441497,-0.172050
6,56,0.639548,0.445458,-0.668196
6,57,0.639548,0.424767,-0.868687
6,58,0.639548,0.452500,-0.289372
6,59,0.639548,0.475228,0.032157
6,60,0.639548,0.430917,-0.661604
6,61,0.639548,0.475835,-0.231964
6,62,0.640931,0.488853,-0.571778
6,63,0.640931,0.401647,-0.839148
6,64,0.640931,0.490788,-0.179712
6,65,0.640931,0.459548,-0.222558
6,66,0.640931,0.348551,-0.400090
6,67,0.640931,0.402849,-0.329309
6,68,0.640931,0.413952,-0.503688
6,69,0.640931,0.443575,-0.298603
6,70,0.640931,0.408531,-0.372664
6,71,0.640931,0.447839,0.026834
6,72,0.640931,0.436199,-0.611945
6,73,0.640931,0.497118,-0.186896
6,74,0.640931,0.385832,-0.529134
6,75,0.640931,0.469998,-0.261170
6,76,0.640931,0.460960,-0.137604
6,77,0.640931,0.484470,0.075738
6,78,0.640931,0.463475,-0.145892
6,79,0.640931,0.468723,-0.319520
6,80,0.640931,0.491924,0.045457
6,81,0.641547,0.455282,-0.317168
6,82,0.641547,0.463056,-0.251159
6,83,0.641547,0.417039,-0.307276
6,84,0.641547,0.435626,-0.241013
6,85,0.641547,0.474195,0.085875
6,86,0.641547,0.493703,0.149375
6,87,0.641547,0.463950,-0.312329
6,88,0.641547,0.495852,-0.119509
6,89,0.641547,0.497814,-0.235403
6,90,0.641547,0.442081,-1.167141
6,91,0.641547,0.502186,-0.093327
6,92,0.641547,0.495313,-0.389455
6,93,0.641547,0.475366,-0.055731
6,94,0.641547,0.417398,-0.606152
6,95,0.641547,0.485896,-0.016609
6,96,0.641547,0.397343,-0.383022
6,97,0.641547,0.459619,-0.287271
6,98,0.641547,0.464692,-0.175830
6,99,0.641547,0.505977,0.233340
6,100,0.641547,0.489075,-0.084147
6,101,0.641547,0.408331,-0.740492
6,102,0.641547,0.467912,-0.184600
6,103,0.641547,0.450192,-0.407579
6,104,0.641547,0.481960,-0.037931
6,105,0.641547,0.493585,-0.020266
6,106,0.641547,0.493045,0.079605
6,107,0.641547,0.492137,0.155517
6,108,0.641547,0.504429,-0.093717
6,109,0.641547,0.433145,-0.688934
6,110,0.641547,0.500859,-0.197516
6,111,0.641547,0.493332,0.064630
6,112,0.643715,0.512123,0.112617
6,113,0.643715,0.468165,0.021412
6,114,0.643715,0.515632,0.072716
6,115,0.643715,0.490256,0.047948
6,116,0.643715,0.498041,0.262869
6,117,0.643715,0.451424,-0.306906
6,118,0.643715,0.468457,-0.160863
6,119,0.643715,0.529359,0.278199
6,120,0.643715,0.470203,0.097674
6,121,0.643715,0.461818,-0.035211
6,122,0.643715,0.473502,0.081016
6,123,0.643715,0.472841,-0.216984
6,124,0.643715,0.495058,-0.110436
6,125,0.643715,0.473461,0.030567
6,126,0.643715,0.473784,-0.222875
6,127,0.643715,0.406779,-0.721808
6,128,0.643715,0.472316,-0.005463
6,129,0.643715,0.515518,0.178867
6,130,0.643715,0.528146,0.156663
6,131,0.643715,0.477046,-0.417069
6,132,0.643715,0.522986,0.187278
6,133,0.643715,0.464666,-0.200704
6,134,0.643715,0.507993,0.146459
6,135,0.645808,0.477512,-0.053762
6,136,0.645808,0.475521,0.097065
6,137,0.645808,0.383254,-0.099067
6,138,0.645808,0.462861,-0.087659
6,139,0.645808,0.543099,0.205075
6,140,0.645808,0.532572,0.279502
6,141,0.645808,0.467831,-0.204637
6,142,0.645808,0.477462,-0.413311
6,143,0.645808,0.478544,-0.168869
6,144,0.645808,0.527702,0.158166
6,145,0.645808,0.504872,-0.057264
6,146,0.645808,0.529302,0.178704
6,147,0.645808,0.519673,0.277091
6,148,0.645808,0.507989,0.148701
6,149,0.645808,0.543475,0.245010
6,150,0.645808,0.530651,-0.239933
6,151,0.645808,0.512955,-0.098636
6,152,0.645808,0.524513,0.092953
6,153,0.645808,0.505333,0.106792
6,154,0.645808,0.532905,0.261423
6,155,0.645808,0.533007,0.235015
6,156,0.645808,0.528499,0.262398
6,157,0.645808,0.527190,0.225020
6,158,0.645808,0.543146,0.283773
6,159,0.645808,0.503840,0.146599
6,160,0.645808,0.502053,0.045596
6,161,0.645808,0.512237,0.209478
6,162,0.647825,0.516818,-0.036866
6,163,0.647825,0.514582,0.218160
6,164,0.647825,0.528441,0.222854
6,165,0.647825,0.533185,0.217238
6,166,0.647825,0.532587,0.108113
6,167,0.647825,0.553041,0.319997
6,168,0.647825,0.548610,0.299945
6,169,0.647825,0.534783,0.283458
6,170,0.647825,0.494544,0.115097
6,171,0.647825,0.506920,0.164928
6,172,0.647825,0.506917,0.191481
6,173,0.647825,0.498140,-0.058833
6,174,0.647825,0.527147,0.285644
6,175,0.647825,0.531359,0.225578
6,176,0.647825,0.506930,0.191463
6,177,0.647825,0.530093,0.060317
6,178,0.647825,0.520342,0.276440
6,179,0.647825,0.533140,0.305134
6,180,0.647825,0.521521,0.087005
6,181,0.647825,0.508573,0.190246
6,182,0.647825,0.514274,-0.013109
6,183,0.647825,0.538934,0.304087
6,184,0.647825,0.539540,0.165721
6,185,0.647825,0.549955,0.338408
6,186,0.647825,0.526243,0.279301
6,187,0.647825,0.553889,0.314839
6,188,0.647825,0.522497,-0.057827
6,189,0.647825,0.529724,-0.017160
6,190,0.647825,0.543687,0.154112
6,191,0.647825,0.572366,0.414757
6,192,0.651529,0.579669,0.372534
6,193,0.651529,0.583291,0.393487
6,194,0.652295,0.565303,0.305337
6,195,0.652295,0.577178,0.300911
6,196,0.652295,0.590839,0.363157
6,197,0.652295,0.605167,0.473801
6,198,0.652295,0.615093,0.478937
6,199,0.652425,0.601802,0.476479
6,200,0.652425,0.600293,0.480956
7,1,0.651381,-4.016813,-16.842420
7,2,0.652257,-4.226702,-12.690489
7,3,0.655068,-3.166453,-14.741272
7,4,0.655068,-3.206508,-16.008259
7,5,0.655068,-2.515179,-10.136139
7,6,0.655068,-3.022885,-14.099421
7,7,0.655068,-1.917788,-10.824947
7,8,0.655068,-1.561927,-7.759613
7,9,0.655068,-1.536867,-10.825510
7,10,0.655068,-0.460458,-5.224260
7,11,0.655068,-0.975433,-7.234814
7,12,0.655068,-0.192015,-8.884183
7,13,0.655068,-0.029672,-6.272066
7,14,0.655068,-0.111234,-6.063113
7,15,0.655068,0.052547,-7.084459
7,16,0.655414,0.024242,-5.554017
7,17,0.655414,-0.629364,-8.549848
7,18,0.655414,-0.821810,-7.533259
7,19,0.655414,-0.474720,-7.075608
7,20,0.655414,-0.106255,-7.654728
7,21,0.655414,0.080982,-5.424609
7,22,0.655414,0.273892,-5.507973
7,23,0.655414,-0.165515,-4.954171
7,24,0.655414,0.333729,-4.383105
7,25,0.655414,-0.424857,-8.462726
7,26,0.655414,-0.071390,-6.279197
7,27,0.655414,0.117751,-5.340234
7,28,0.655414,0.309589,-6.341308
7,29,0.655414,-0.044746,-4.821820
7,30,0.655414,0.085106,-6.049585
7,31,0.655414,0.135348,-5.771085
7,32,0.655414,-0.099623,-8.405072
7,33,0.655414,0.131697,-5.225769
7,34,0.655414,0.143228,-5.414049
7,35,0.655766,0.468558,0.338293
7,36,0.655766,-0.686915,-6.623108
7,37,0.655766,-0.235432,-6.320989
7,38,0.655766,0.073955,-4.577898
7,39,0.655766,0.144217,-5.580884
7,40,0.655766,0.481699,0.183958
7,41,0.655766,-0.441528,-8.022380
7,42,0.655766,-0.538178,-6.039943
7,43,0.655766,-0.702229,-8.416103
7,44,0.655766,0.330231,-5.153219
7,45,0.655766,0.193707,-4.907976
7,46,0.655766,0.232472,-4.269623
7,47,0.655766,0.039348,-6.679103
7,48,0.655766,0.171441,-5.050083
7,49,0.655766,0.495154,0.247335
7,50,0.655766,-0.769777,-10.704299
7,51,0.655766,-0.317467,-7.504126
7,52,0.655766,0.044907,-9.030765
7,53,0.655766,0.279188,-5.313980
7,54,0.655766,0.076623,-4.424042
7,55,0.656991,0.422627,-2.743608
7,56,0.656991,-0.515973,-9.538093
7,57,0.656991,0.111270,-5.148875
7,58,0.656991,-0.060135,-6.256436
7,59,0.656991,0.231577,-6.376485
7,60,0.656991,0.175071,-6.130678
7,61,0.656991,0.130614,-5.622759
7,62,0.656991,0.141101,-6.176631
7,63,0.657387,0.516237,0.406514
7,64,0.657387,-0.491263,-6.502366
7,65,0.657510,0.114537,-4.881729
7,66,0.657510,0.041267,-4.586680
7,67,0.657510,-0.651369,-6.991232
7,68,0.657510,-0.800932,-8.292092
7,69,0.657510,-0.413444,-6.076772
7,70,0.657510,0.039937,-5.789104
7,71,0.657510,0.374220,-3.865427
7,72,0.657510,-0.029357,-5.343701
7,73,0.657510,-0.133607,-6.378956
7,74,0.657510,-0.041981,-8.024963
7,75,0.657510,-0.052945,-8.572828
7,76,0.657510,0.379702,-5.122160
7,77,0.657510,-0.094686,-4.862718
7,78,0.657510,-0.145405,-6.654190
7,79,0.657608,0.240081,-5.407235
7,80,0.657608,0.165452,-5.237298
7,81,0.657608,-0.421823,-7.237821
7,82,0.657608,0.108601,-8.757059
7,83,0.657608,-0.099107,-5.289191
7,84,0.657608,0.410055,-1.728671
7,85,0.658003,-0.008015,-4.970212
7,86,0.658138,0.114373,-6.197491
7,87,0.658138,-0.819382,-7.775835
7,88,0.658138,-0.089452,-5.797901
7,89,0.658138,0.385111,-2.141302
7,90,0.658138,-0.032453,-5.256420
7,91,0.658138,-0.334089,-6.464452
7,92,0.658138,-0.048230,-6.603458
7,93,0.658138,0.183047,-4.281385
7,94,0.658138,0.171614,-6.348093
7,95,0.658138,0.367651,-2.334598
7,96,0.658138,0.038398,-9.261330
7,97,0.658138,0.179685,-5.778817
7,98,0.658138,0.157175,-5.853564
7,99,0.658138,0.141846,-5.688609
7,100,0.658138,0.355586,-3.842597
7,101,0.659012,0.240057,-5.526968
7,102,0.659012,-0.293491,-5.814267
7,103,0.659012,0.141293,-5.172266
7,104,0.659012,0.414572,-3.724381
7,105,0.659012,-0.153350,-5.690870
7,106,0.659012,0.489903,0.243260
7,107,0.659012,0.140195,-4.014084
7,108,0.659012,-0.553652,-6.669539
7,109,0.659012,-0.555697,-5.169035
7,110,0.659012,0.071594,-4.955115
7,111,0.659012,0.043601,-5.792389
7,112,0.659012,0.141752,-5.699807
7,113,0.659012,-0.115606,-5.139576
7,114,0.659012,-0.629256,-6.865611
7,115,0.659012,0.214143,-5.228311
7,116,0.659012,-0.235794,-7.571822
7,117,0.659012,0.036149,-5.449192
7,118,0.659012,-0.243941,-6.753245
7,119,0.659012,0.047245,-5.591685
7,120,0.659012,0.222102,-5.361409
7,121,0.659012,0.178656,-5.183840
7,122,0.659012,0.234381,-4.563793
7,123,0.659012,0.361668,-4.590890
7,124,0.659012,-0.267410,-6.255290
7,125,0.659012,0.130438,-5.556533
7,126,0.659012,0.411134,-3.268143
7,127,0.659012,-0.147774,-5.299276
7,128,0.659012,0.184084,-5.379020
7,129,0.659012,0.292987,-4.386434
7,130,0.659012,0.178673,-5.176922
7,131,0.659012,0.146766,-4.536628
7,132,0.659012,0.197562,-5.346589
7,133,0.659012,0.243882,-3.868758
7,134,0.659012,0.313892,-3.168639
7,135,0.659012,0.243731,-4.789476
7,136,0.659012,0.286643,-4.149397
7,137,0.659012,0.236390,-5.977107
7,138,0.659012,0.034966,-7.024655
7,139,0.659012,0.205798,-4.080582
7,140,0.659012,0.280894,-3.046608
7,141,0.659012,0.218568,-4.214409
7,142,0.659012,0.348148,-2.832333
7,143,0.659012,0.251302,-9.392418
7,144,0.659012,0.119956,-6.573576
7,145,0.659012,0.170702,-5.231707
7,146,0.659012,0.210783,-4.057985
7,147,0.659012,0.512409,0.304611
7,148,0.659012,-0.769107,-7.517972
7,149,0.659012,0.155490,-7.332408
7,150,0.659012,0.322193,-3.709370
7,151,0.659012,0.229795,-4.330612
7,152,0.659012,0.246927,-4.298478
7,153,0.659012,0.277256,-4.433261
7,154,0.659012,0.266018,-3.657119
7,155,0.659012,0.190004,-5.377401
7,156,0.659012,0.378374,-6.138012
7,157,0.659012,-0.135200,-4.911398
7,158,0.659012,0.276289,-4.134885
7,159,0.659012,0.147258,-5.665921
7,160,0.659012,0.320917,-5.989577
7,161,0.659012,0.285374,-3.615599
7,162,0.659012,0.136153,-6.281313
7,163,0.659012,0.150975,-6.692885
7,164,0.659012,0.393175,-3.172198
7,165,0.659012,-0.065775,-4.853053
7,166,0.659012,0.024905,-4.414002
7,167,0.659012,0.316684,-3.054598
7,168,0.659012,-0.043431,-8.123922
7,169,0.659012,0.284001,-3.414751
7,170,0.659012,-0.080262,-5.178189
7,171,0.659012,0.298154,-3.133057
7,172,0.659012,0.213624,-5.171163
7,173,0.659012,0.148004,-8.429118
7,174,0.659012,0.411990,-2.111700
7,175,0.659012,0.066713,-4.533425
7,176,0.659012,0.456446,-1.791204
7,177,0.659012,0.019723,-5.939212
7,178,0.659012,0.163427,-5.550856
7,179,0.659012,-0.258654,-5.179361
7,180,0.659012,-0.327742,-8.627375
7,181,0.659012,0.060074,-5.945489
7,182,0.659012,0.174359,-4.034459
7,183,0.659012,0.272460,-2.985495
7,184,0.659012,0.143295,-4.274796
7,185,0.659012,0.413760,-1.224307
7,186,0.659012,0.420000,-1.136863
7,187,0.659012,0.384428,-1.842721
7,188,0.659012,0.185453,-6.073396
7,189,0.659012,0.361110,-2.372422
7,190,0.659012,0.521795,0.203718
7,191,0.659012,-0.151497,-5.212350
7,192,0.659012,0.010458,-3.729850
7,193,0.659012,-0.094775,-5.703265
7,194,0.659012,0.296329,-4.016631
7,195,0.659012,0.324418,-3.333506
7,196,0.659012,-0.419005,-5.125654
7,197,0.659012,0.071991,-4.456918
7,198,0.659012,0.015289,-5.398178
7,199,0.659012,0.128205,-3.689860
7,200,0.659012,0.359884,-2.995095
8,1,0.555790,-4.069513,-16.697233
8,2,0.555790,-3.036996,-12.330637
8,3,0.555790,-2.604390,-10.432044
8,4,0.556344,-1.383980,-9.597216
8,5,0.556344,-1.153481,-6.752920
8,6,0.556344,-0.757727,-6.007341
8,7,0.556344,-0.216236,-3.633063
8,8,0.556444,0.143665,-1.360653
8,9,0.556505,0.186882,-1.495057
8,10,0.556522,0.361757,-0.670460
8,11,0.556522,0.389969,-0.569173
8,12,0.556522,0.442511,0.133225
8,13,0.556522,0.449243,0.157595
8,14,0.556522,0.445951,0.074439
8,15,0.556522,0.477758,0.192155
8,16,0.556583,0.455455,0.186770
8,17,0.561403,0.506049,0.320119
8,18,0.562973,0.511054,0.312677
8,19,0.562973,0.512223,0.307741
8,20,0.563594,0.519529,0.313078
8,21,0.568417,0.504930,0.262967
8,22,0.570066,0.494561,0.220884
8,23,0.570066,0.502917,0.303458
8,24,0.570066,0.504302,0.311777
8,25,0.570066,0.508244,0.201806
8,26,0.570066,0.504859,0.316504
8,27,0.570066,0.501033,0.344124
8,28,0.570066,0.499819,0.349688
8,29,0.573740,0.494223,0.283914
8,30,0.573740,0.495680,0.162387
8,31,0.582607,0.466386,0.049220
8,32,0.582607,0.509658,0.092527
8,33,0.582607,0.509926,0.224528
8,34,0.582607,0.503542,0.153393
8,35,0.582607,0.492078,0.110560
8,36,0.582607,0.474639,-0.021387
8,37,0.582851,0.510041,0.235250
8,38,0.582851,0.484433,0.230457
8,39,0.584475,0.478883,-0.175015
8,40,0.591535,0.477753,-0.043690
8,41,0.591535,0.510500,0.295433
8,42,0.591535,0.521177,0.335777
8,43,0.592496,0.492493,0.166557
8,44,0.592496,0.500490,0.143175
8,45,0.592496,0.503905,0.256315
8,46,0.592496,0.493053,0.076370
8,47,0.592496,0.476001,0.152353
8,48,0.592496,0.477714,0.075339
8,49,0.592496,0.510683,0.247966
8,50,0.592496,0.508433,0.230494
8,51,0.592496,0.505726,0.242346
8,52,0.592496,0.515553,0.350032
8,53,0.592496,0.535974,0.335928
8,54,0.592601,0.537171,0.256728
8,55,0.592601,0.519560,0.325209
8,56,0.593085,0.537702,0.294041
8,57,0.593085,0.537809,0.410193
8,58,0.596073,0.485361,0.126202
8,59,0.598564,0.529861,0.197800
8,60,0.598564,0.527558,0.327676
8,61,0.598564,0.526353,0.369489
8,62,0.598564,0.516124,0.219858
8,63,0.598564,0.530082,0.337424
8,64,0.598564,0.542394,0.299814
8,65,0.601319,0.543670,0.379965
8,66,0.602106,0.528445,0.179511
8,67,0.613649,0.528196,0.286531
8,68,0.613649,0.549115,0.390824
8,69,0.613649,0.532645,0.373142
8,70,0.613649,0.530528,0.273190
8,71,0.613649,0.533649,0.214673
8,72,0.613649,0.554563,0.426523
8,73,0.613649,0.538226,0.046361
8,74,0.613649,0.528883,0.290577
8,75,0.613649,0.539643,0.337769
8,76,0.613649,0.561978,0.391403
8,77,0.614672,0.547444,0.265815
8,78,0.614672,0.551817,0.324072
8,79,0.614672,0.559003,0.401059
8,80,0.614672,0.529319,0.328594
8,81,0.614672,0.529840,0.102663
8,82,0.617002,0.533800,0.152574
8,83,0.623412,0.535074,0.235935
8,84,0.623412,0.523606,0.127023
8,85,0.623412,0.531300,0.269155
8,86,0.633025,0.555480,0.202440
8,87,0.633025,0.563379,0.298102
8,88,0.633025,0.551441,0.316393
8,89,0.634767,0.546578,0.312881
8,90,0.634767,0.554656,0.354735
8,91,0.634767,0.553857,0.393917
8,92,0.634767,0.556462,0.265775
8,93,0.634767,0.571044,0.371578
8,94,0.634767,0.568854,0.245446
8,95,0.634767,0.566982,0.251135
8,96,0.641671,0.568952,0.168787
8,97,0.641671,0.567659,0.397755
8,98,0.641671,0.559107,0.381206
8,99,0.641671,0.561772,0.392362
8,100,0.641671,0.525467,-0.053639
8,101,0.642670,0.560084,0.284160
8,102,0.646464,0.589293,0.313008
8,103,0.646464,0.585866,0.470516
8,104,0.646464,0.563718,0.308472
8,105,0.646464,0.580502,0.441995
8,106,0.647186,0.589868,0.461282
8,107,0.647186,0.575104,0.297222
8,108,0.647186,0.583488,0.365713
8,109,0.647186,0.595447,0.396248
8,110,0.647186,0.602714,0.508213
8,111,0.647186,0.608510,0.533912
8,112,0.647186,0.601642,0.368325
8,113,0.647186,0.615781,0.489217
8,114,0.648935,0.616553,0.535245
8,115,0.648935,0.605401,0.468954
8,116,0.649546,0.605305,0.485771
8,117,0.649546,0.602555,0.412920
8,118,0.649784,0.601032,0.399081
8,119,0.650418,0.616476,0.522287
8,120,0.650418,0.614880,0.510666
8,121,0.651202,0.620561,0.529519
8,122,0.651202,0.611474,0.514403
8,123,0.651202,0.606028,0.423220
8,124,0.651202,0.595023,0.381972
8,125,0.651580,0.607014,0.494935
8,126,0.651580,0.601224,0.450510
8,127,0.654005,0.603080,0.436411
8,128,0.654005,0.616996,0.499030
8,129,0.654005,0.617268,0.527129
8,130,0.654005,0.617341,0.469016
8,131,0.654005,0.619697,0.483939
8,132,0.654005,0.619445,0.486722
8,133,0.654005,0.620979,0.529133
8,134,0.654005,0.613343,0.467440
8,135,0.654005,0.615646,0.509870
8,136,0.654005,0.618071,0.498324
8,137,0.654005,0.619820,0.503603
8,138,0.654005,0.617025,0.485318
8,139,0.654169,0.623498,0.503585
8,140,0.654169,0.624103,0.500845
8,141,0.654169,0.624389,0.537802
8,142,0.654169,0.624707,0.530849
8,143,0.655238,0.627147,0.522074
8,144,0.655238,0.614147,0.412610
8,145,0.656277,0.618581,0.472593
8,146,0.657064,0.629634,0.541695
8,147,0.657511,0.630610,0.530166
8,148,0.657598,0.627558,0.523265
8,149,0.657598,0.627493,0.532509
8,150,0.658306,0.632023,0.529992
8,151,0.658306,0.630260,0.543147
8,152,0.659294,0.624305,0.533687
8,153,0.659470,0.622305,0.440368
8,154,0.659470,0.629114,0.528873
8,155,0.659724,0.628365,0.519554
8,156,0.659724,0.629317,0.518572
8,157,0.659724,0.624403,0.465892
8,158,0.659724,0.621206,0.420490
8,159,0.659743,0.630272,0.467333
8,160,0.659743,0.631004,0.531040
8,161,0.660414,0.637977,0.562679
8,162,0.660414,0.632937,0.464510
8,163,0.660414,0.640274,0.554296
8,164,0.660414,0.645546,0.572981
8,165,0.660414,0.637215,0.482380
8,166,0.660626,0.650787,0.617362
8,167,0.662618,0.644434,0.574525
8,168,0.662618,0.642219,0.499449
8,169,0.662618,0.646202,0.539621
8,170,0.662618,0.652040,0.613454
8,171,0.662618,0.645751,0.488842
8,172,0.662618,0.652555,0.596635
8,173,0.663372,0.645690,0.590327
8,174,0.664939,0.638006,0.547623
8,175,0.664939,0.631964,0.553868
8,176,0.664939,0.624824,0.405363
8,177,0.664939,0.606907,0.383239
8,178,0.664939,0.617406,0.492566
8,179,0.665387,0.628633,0.498487
8,180,0.666634,0.641316,0.549760
8,181,0.666634,0.631289,0.562976
8,182,0.666634,0.638458,0.545088
8,183,0.666634,0.638663,0.509287
8,184,0.666634,0.636485,0.548743
8,185,0.666634,0.602095,-1.148052
8,186,0.666634,0.639745,0.523311
8,187,0.666634,0.642554,0.559690
8,188,0.666634,0.641182,0.556665
8,189,0.666634,0.643194,0.564717
8,190,0.666634,0.647663,0.592807
8,191,0.666634,0.639931,0.536925
8,192,0.669549,0.634240,0.520482
8,193,0.669549,0.631177,0.423440
8,194,0.669549,0.634294,0.514540
8,195,0.669549,0.623472,0.203650
8,196,0.669549,0.630515,0.401405
8,197,0.669549,0.625481,0.431422
8,198,0.669549,0.636386,0.465988
8,199,0.669549,0.640714,0.519723
8,200,0.669549,0.634774,0.397520
9,1,0.623240,-3.745936,-13.083635
9,2,0.624324,-3.757449,-14.774166
9,3,0.624324,-3.872587,-19.610077
9,4,0.624324,-3.269604,-12.384927
9,5,0.624324,-3.711419,-12.839772
9,6,0.624324,-2.555411,-12.864824
9,7,0.624324,-1.884480,-10.519971
9,8,0.624324,-1.447482,-9.242355
9,9,0.624324,-0.651120,-7.038217
9,10,0.624324,-0.156923,-5.681827
9,11,0.624324,-0.343409,-11.238035
9,12,0.624324,-0.439725,-17.069219
9,13,0.624324,0.290784,-2.030664
9,14,0.624324,0.049688,-7.572783
9,15,0.624324,-0.147234,-11.610540
9,16,0.624324,-0.018260,-7.532687
9,17,0.624324,-0.059095,-7.945619
9,18,0.624324,0.046315,-8.205637
9,19,0.624324,0.164636,-6.714256
9,20,0.624324,-0.084285,-9.529072
9,21,0.624324,0.312047,-6.528871
9,22,0.624324,-0.569485,-10.226691
9,23,0.624324,-0.178278,-9.244709
9,24,0.624324,0.022791,-8.229240
9,25,0.624324,-0.199801,-8.669847
9,26,0.624324,0.227521,-7.044161
9,27,0.624324,0.200680,-7.645394
9,28,0.624324,-0.449121,-19.002617
9,29,0.624324,-0.381557,-14.088128
9,30,0.624324,-0.013223,-10.158372
9,31,0.624324,0.138947,-6.937215
9,32,0.624324,0.017042,-7.996532
9,33,0.624324,0.155687,-10.929496
9,34,0.624324,0.026138,-8.171534
9,35,0.624324,0.463538,0.164335
9,36,0.624324,-0.743472,-7.958278
9,37,0.624324,-0.962381,-11.106059
9,38,0.624324,-0.060550,-7.221610
9,39,0.624324,-0.239036,-8.345964
9,40,0.624324,0.077455,-7.713711
9,41,0.624324,0.173209,-9.873956
9,42,0.624324,0.244342,-6.784615
9,43,0.624324,-0.014779,-11.789803
9,44,0.624324,-0.203066,-16.489826
9,45,0.624324,0.045500,-7.475679
9,46,0.624324,-0.284864,-13.407701
9,47,0.624324,0.078422,-7.119888
9,48,0.624383,0.303959,-8.555847
9,49,0.624383,-0.415571,-13.042137
9,50,0.624383,-0.186815,-5.886466
9,51,0.624383,-0.091193,-5.160853
9,52,0.624383,-0.028216,-8.350585
9,53,0.624383,0.043385,-9.283021
9,54,0.624383,-0.074271,-9.122285
9,55,0.624383,0.020001,-16.296341
9,56,0.624383,0.001165,-7.567612
9,57,0.624383,0.149570,-6.351965
9,58,0.624383,-0.034641,-10.156699
9,59,0.624383,-0.136892,-15.967424
9,60,0.624383,0.126521,-5.301342
9,61,0.624383,0.024300,-9.323357
9,62,0.624383,0.054118,-8.514667
9,63,0.624383,0.102477,-6.756114
9,64,0.624383,-0.141137,-13.192271
9,65,0.624383,0.462459,-0.083450
9,66,0.624402,-0.541700,-7.921853
9,67,0.624402,-1.225721,-9.464380
9,68,0.624402,-0.185631,-6.825450
9,69,0.624402,-0.050382,-7.177069
9,70,0.624402,0.295393,-4.138731
9,71,0.624402,-0.151511,-10.697730
9,72,0.624402,-0.023578,-7.901225
9,73,0.624402,0.214817,-4.291423
9,74,0.624402,0.256566,-4.727038
9,75,0.624402,-0.855861,-12.758212
9,76,0.624402,-0.010083,-6.660048
9,77,0.624402,0.136062,-8.351570
9,78,0.624402,0.487977,0.307304
9,79,0.624612,-0.605557,-7.055213
9,80,0.624612,-0.043822,-7.514122
9,81,0.624800,-0.107361,-10.395706
9,82,0.624806,-1.733240,-12.379811
9,83,0.624806,-2.744831,-12.849607
9,84,0.624806,-1.356154,-10.098790
9,85,0.624806,0.092420,-4.945510
9,86,0.624806,-0.554666,-9.325409
9,87,0.624806,-0.148452,-10.525141
9,88,0.624806,-0.106731,-9.173376
9,89,0.624806,-0.171006,-6.826983
9,90,0.624806,0.029286,-6.381529
9,91,0.624806,0.011976,-7.742757
9,92,0.624806,0.159367,-4.881897
9,93,0.624806,0.072456,-10.266871
9,94,0.624806,0.111853,-7.515968
9,95,0.624806,0.275804,-4.398775
9,96,0.624806,0.236029,-4.080394
9,97,0.624806,0.012223,-9.973914
9,98,0.624806,0.179085,-5.417880
9,99,0.624806,0.040228,-8.877652
9,100,0.624806,0.226880,-5.253527
9,101,0.624806,0.213946,-4.736169
9,102,0.624806,0.418147,-2.173876
9,103,0.624806,-0.110864,-8.824379
9,104,0.624806,-0.437770,-8.301468
9,105,0.624806,0.092154,-5.660368
9,106,0.624806,0.186373,-4.922499
9,107,0.624806,0.389709,-5.319176
9,108,0.624806,-0.086307,-9.505922
9,109,0.625433,0.142574,-5.719925
9,110,0.625433,-0.171306,-5.971624
9,111,0.625433,-0.737761,-8.885896
9,112,0.625433,-0.417144,-6.754307
9,113,0.626261,0.401622,-4.138046
9,114,0.626261,-0.416025,-6.018199
9,115,0.626261,0.291771,-3.780565
9,116,0.626261,0.371376,-3.113971
9,117,0.626261,-0.373289,-7.092260
9,118,0.626261,0.246743,-5.161718
9,119,0.626261,-0.209862,-5.768616
9,120,0.626261,0.299709,-2.686709
9,121,0.626261,0.195861,-3.415981
9,122,0.626261,0.065879,-6.705930
9,123,0.626261,0.383495,-3.943059
9,124,0.626261,-0.104822,-6.721215
9,125,0.626261,0.065515,-6.482288
9,126,0.626261,0.042982,-5.935514
9,127,0.626261,0.011313,-7.999581
9,128,0.626261,0.203750,-4.252626
9,129,0.626261,0.157815,-5.317760
9,130,0.626261,0.370553,-6.247670
9,131,0.626261,0.352802,-2.591712
9,132,0.626261,-1.015807,-11.675178
9,133,0.626261,-0.195796,-6.402935
9,134,0.626261,0.451196,-1.024164
9,135,0.626261,-0.040729,-6.827292
9,136,0.626261,-0.234043,-5.813038
9,137,0.626261,0.221717,-6.311773
9,138,0.626261,0.172615,-5.376220
9,139,0.626261,0.159930,-4.664325
9,140,0.626261,0.498744,0.180061
9,141,0.626261,-0.365725,-7.556023
9,142,0.626261,0.199815,-4.806664
9,143,0.626261,0.169568,-7.599484
9,144,0.626261,0.091357,-7.736531
9,145,0.626261,0.197502,-5.070288
9,146,0.626375,0.403305,-4.153768
9,147,0.626375,-0.194434,-8.232580
9,148,0.626375,0.493344,0.284043
9,149,0.626375,-0.471471,-5.936198
9,150,0.626375,0.005981,-5.965094
9,151,0.626375,0.253422,-4.256584
9,152,0.626375,0.078631,-7.151578
9,153,0.626375,0.108340,-4.920523
9,154,0.626375,-0.038015,-8.327385
9,155,0.626375,0.279195,-5.345416
9,156,0.626375,0.245215,-5.614625
9,157,0.626375,0.114451,-6.483834
9,158,0.626375,0.247786,-4.309084
9,159,0.626375,0.433346,-3.896092
9,160,0.626375,-0.020155,-7.450036
9,161,0.626375,0.236023,-4.511376
9,162,0.626375,-0.482025,-7.521462
9,163,0.626375,0.252660,-3.902301
9,164,0.626375,0.220703,-5.120443
9,165,0.626375,-0.197898,-7.018822
9,166,0.626375,-0.043413,-6.307716
9,167,0.626375,-0.808466,-8.206896
9,168,0.626375,0.093910,-4.456789
9,169,0.626375,0.149263,-8.444417
9,170,0.626375,0.378108,-5.023641
9,171,0.626375,0.261995,-3.821169
9,172,0.626375,-0.166571,-6.365338
9,173,0.626375,0.199230,-8.127759
9,174,0.626375,0.095682,-5.980243
9,175,0.626375,-0.321583,-8.996599
9,176,0.626375,0.419572,-4.015414
9,177,0.626375,0.219934,-5.993082
9,178,0.626375,0.237363,-6.053562
9,179,0.626375,0.270559,-3.456304
9,180,0.626375,0.205214,-4.862951
9,181,0.626375,0.238258,-3.898092
9,182,0.626375,0.252038,-4.362079
9,183,0.626375,0.326429,-3.121500
9,184,0.626375,0.372993,-3.406158
9,185,0.626375,0.429886,-1.452161
9,186,0.626375,0.202586,-4.461893
9,187,0.626375,0.213029,-5.439811
9,188,0.626375,0.331677,-5.024805
9,189,0.626375,0.428428,-4.726009
9,190,0.626375,0.269887,-4.537814
9,191,0.626375,-0.715222,-8.093593
9,192,0.626375,0.271396,-4.461020
9,193,0.626375,-0.207058,-8.468891
9,194,0.626375,-0.119907,-4.612905
9,195,0.626375,0.362126,-4.720254
9,196,0.626375,0.084056,-4.793066
9,197,0.626375,0.081668,-5.191800
9,198,0.626375,-0.118146,-5.791137
9,199,0.626375,0.301246,-2.074535
9,200,0.626375,0.368586,-5.574556
10,1,0.606132,-3.479863,-15.352944
10,2,0.606132,-4.868900,-24.503182
10,3,0.606132,-3.475119,-12.548281
10,4,0.606132,-2.697852,-11.160292
10,5,0.606136,-1.486097,-8.745141
10,6,0.606302,-1.127361,-7.113592
10,7,0.606406,-0.912494,-5.741590
10,8,0.606406,-0.741913,-4.358315
10,9,0.606406,-0.541621,-3.084629
10,10,0.606406,-0.730244,-5.414839
10,11,0.606406,-0.183289,-2.260837
10,12,0.606406,-0.006097,-1.765142
10,13,0.606406,0.164395,-1.483843
10,14,0.606406,0.208680,-1.004663
10,15,0.607972,0.204227,-1.192182
10,16,0.613720,0.251609,-0.886977
10,17,0.613720,0.194386,-1.608289
10,18,0.613720,0.375416,-0.402109
10,19,0.613720,0.462261,0.119616
10,20,0.613720,0.489917,0.137724
10,21,0.613720,0.488075,0.134481
10,22,0.615405,0.495707,0.198474
10,23,0.615405,0.500265,0.261315
10,24,0.615405,0.521872,0.364591
10,25,0.616965,0.526086,0.160873
10,26,0.616965,0.530111,0.145927
10,27,0.616965,0.526861,0.324430
10,28,0.619648,0.553756,0.389308
10,29,0.625097,0.556069,0.430956
10,30,0.625097,0.563529,0.415195
10,31,0.625097,0.555554,0.291895
10,32,0.625097,0.541088,0.333019
10,33,0.634876,0.512256,0.168716
10,34,0.634876,0.550926,0.215903
10,35,0.634876,0.544297,0.286261
10,36,0.634876,0.540047,0.236881
10,37,0.634876,0.497334,-0.016468
10,38,0.634876,0.511536,0.143434
10,39,0.634876,0.554175,0.369170
10,40,0.634876,0.566426,0.305005
10,41,0.634876,0.556984,0.372033
10,42,0.634876,0.560455,0.381474
10,43,0.634876,0.559847,0.313312
10,44,0.642995,0.559612,0.374987
10,45,0.642995,0.550695,0.297612
10,46,0.642995,0.535757,0.259133
10,47,0.642995,0.556842,0.363656
10,48,0.642995,0.560898,0.370388
10,49,0.642995,0.547974,0.289904
10,50,0.642995,0.560089,0.203262
10,51,0.642995,0.551277,0.246651
10,52,0.642995,0.558062,0.248139
10,53,0.642995,0.570943,0.417388
10,54,0.642995,0.571614,0.367472
10,55,0.642995,0.561850,0.348622
10,56,0.642995,0.568202,0.290866
10,57,0.644424,0.587863,0.444260
10,58,0.644424,0.578179,0.386026
10,59,0.644424,0.579708,0.412391
10,60,0.644424,0.589188,0.365863
10,61,0.646649,0.581272,0.359757
10,62,0.650370,0.590122,0.440772
10,63,0.650370,0.582347,0.348254
10,64,0.662583,0.601197,0.321655
10,65,0.662583,0.595484,0.381222
10,66,0.662583,0.601029,0.462802
10,67,0.662583,0.596325,0.455466
10,68,0.665085,0.597336,0.480852
10,69,0.665085,0.589863,0.304264
10,70,0.665085,0.592941,0.415403
10,71,0.665085,0.590994,0.410296
10,72,0.665085,0.600971,0.468505
10,73,0.665085,0.583879,0.285288
10,74,0.665085,0.592891,0.356571
10,75,0.665085,0.594791,0.194442
10,76,0.665085,0.600732,0.417642
10,77,0.665085,0.596838,0.320587
10,78,0.665085,0.602896,0.369407
10,79,0.665085,0.604004,0.470000
10,80,0.665085,0.609683,0.484879
10,81,0.667879,0.605525,0.467116
10,82,0.667879,0.590892,0.284108
10,83,0.667879,0.596283,0.434132
10,84,0.667879,0.607021,0.403746
10,85,0.667879,0.605157,0.434281
10,86,0.667879,0.609027,0.344025
10,87,0.667879,0.628890,0.551934
10,88,0.667879,0.622052,0.506322
10,89,0.669492,0.623203,0.484916
10,90,0.669492,0.634668,0.506985
10,91,0.669492,0.626995,0.425492
10,92,0.669492,0.633217,0.519071
10,93,0.670065,0.642707,0.554410
10,94,0.670065,0.642230,0.557441
10,95,0.670226,0.640387,0.483650
10,96,0.670234,0.628172,0.443275
10,97,0.670505,0.633419,0.424967
10,98,0.672748,0.641605,0.512734
10,99,0.672748,0.645457,0.575885
10,100,0.672748,0.651806,0.580688
10,101,0.673400,0.646379,0.534151
10,102,0.673400,0.653026,0.557125
10,103,0.673631,0.652592,0.597956
10,104,0.674662,0.654524,0.591397
10,105,0.674685,0.649467,0.568695
10,106,0.674685,0.653519,0.526042
10,107,0.674770,0.652464,0.557306
10,108,0.674778,0.656021,0.614281
10,109,0.675096,0.656433,0.585863
10,110,0.675333,0.648045,0.499387
10,111,0.675333,0.642220,0.523387
10,112,0.675333,0.655682,0.590799
10,113,0.675333,0.658274,0.575356
10,114,0.677940,0.660865,0.594222
10,115,0.677940,0.662196,0.619632
10,116,0.677940,0.649294,0.546146
10,117,0.677940,0.653793,0.574137
10,118,0.677951,0.654893,0.521964
10,119,0.677951,0.652950,0.530660
10,120,0.677951,0.659063,0.602066
10,121,0.677951,0.654928,0.566422
10,122,0.677951,0.648168,0.411744
10,123,0.678234,0.649881,0.565538
10,124,0.678234,0.654568,0.568290
10,125,0.678746,0.638888,0.435197
10,126,0.679004,0.651354,0.553491
10,127,0.679004,0.653512,0.576788
10,128,0.679004,0.656598,0.575404
10,129,0.679134,0.657978,0.555015
10,130,0.679134,0.662563,0.623501
10,131,0.679427,0.655542,0.540343
10,132,0.679597,0.660489,0.590767
10,133,0.679741,0.664237,0.535192
10,134,0.679741,0.671726,0.635775
10,135,0.679741,0.668820,0.620760
10,136,0.679741,0.659546,0.546533
10,137,0.679741,0.669549,0.626711
10,138,0.679741,0.669373,0.631201
10,139,0.679918,0.669112,0.634817
10,140,0.679918,0.668961,0.621952
10,141,0.679930,0.672329,0.626858
10,142,0.679930,0.665220,0.598495
10,143,0.679930,0.669758,0.636335
10,144,0.679945,0.671394,0.602955
10,145,0.679945,0.672850,0.636957
10,146,0.680013,0.676405,0.655618
10,147,0.680013,0.666117,0.592358
10,148,0.680117,0.671760,0.635689
10,149,0.680313,0.673831,0.643276
10,150,0.680313,0.674857,0.652870
10,151,0.680503,0.674308,0.637370
10,152,0.680523,0.672758,0.633437
10,153,0.680523,0.674977,0.657728
10,154,0.680604,0.674572,0.649971
10,155,0.680709,0.672081,0.639751
10,156,0.680709,0.671579,0.628009
10,157,0.680729,0.674134,0.631822
10,158,0.680729,0.674961,0.651864
10,159,0.680730,0.672670,0.637883
10,160,0.680751,0.671664,0.592444
10,161,0.680815,0.669169,0.578966
10,162,0.680815,0.673041,0.633035
10,163,0.680872,0.675710,0.646767
10,164,0.680872,0.672111,0.605256
10,165,0.680872,0.672355,0.601581
10,166,0.680887,0.674158,0.647181
10,167,0.681658,0.669813,0.583108
10,168,0.681846,0.667682,0.546675
10,169,0.681846,0.670826,0.627366
10,170,0.681846,0.672603,0.622329
10,171,0.681846,0.677493,0.654829
10,172,0.681846,0.673052,0.630382
10,173,0.681846,0.668927,0.565757
10,174,0.681846,0.671341,0.609181
10,175,0.681846,0.674136,0.637352
10,176,0.681846,0.673554,0.640504
10,177,0.681846,0.674070,0.622925
10,178,0.681846,0.672382,0.598483
10,179,0.681846,0.672466,0.595984
10,180,0.681846,0.676006,0.643963
10,181,0.681846,0.674431,0.601237
10,182,0.681846,0.673381,0.638379
10,183,0.681846,0.673752,0.634464
10,184,0.681846,0.673779,0.624369
10,185,0.681846,0.673184,0.637324
10,186,0.681846,0.673086,0.647009
10,187,0.681846,0.670866,0.628283
10,188,0.681846,0.673989,0.617178
10,189,0.681857,0.671344,0.633549
10,190,0.681863,0.670395,0.582287
10,191,0.681863,0.670329,0.613302
10,192,0.681863,0.670212,0.623307
10,193,0.681863,0.673800,0.603664
10,194,0.681863,0.675047,0.655769
10,195,0.681863,0.674779,0.658418
10,196,0.681863,0.676416,0.662072
10,197,0.681863,0.676594,0.636885
10,198,0.681863,0.678194,0.665244
10,199,0.681863,0.674334,0.637213
10,200,0.681863,0.673029,0.597708
